{
  "name": "Pre Order",
  "settings": [
    {
      "type": "header",
      "content": "Pre Order General"
    },
    {
      "type": "checkbox",
      "id": "enable_pre_order",
      "label": "Enable Pre-Order Feature",
      "default": true
    },
    {
      "type": "checkbox",
      "id": "enable_pre_order_date",
      "label": "Enable Pre-Order Date Selector",
      "default": true
    },
    {
      "type": "header",
      "content": "Notification Button"
    },
    {
      "type": "checkbox",
      "id": "enable_notification_button",
      "label": "Enable Notification Button",
      "default": true
    },
    {
      "type": "text",
      "id": "notify_me_btn_text",
      "label": "Notification Button Text",
      "default": "Notify Me"
    },
    {
      "type": "color",
      "id": "notification_border_color",
      "label": "Button Border Colour",
      "default": "#000000"
    },
    {
      "type": "color",
      "id": "border_color_hover",
      "label": "Border hover Colour",
      "default": "#000000"
    },
    {
      "type": "color",
      "id": "notification_text_color",
      "label": "Button Text Colour",
      "default": "#000000"
    },
    {
      "type": "color",
      "id": "text_color_hover",
      "label": "Text hover Colour",
      "default": "#000000"
    },
    {
      "type": "color",
      "id": "notification_background_color",
      "label": "Button Background Colour",
      "default": "#000000"
    },
    {
      "type": "color",
      "id": "background_color_hover",
      "label": "Background hover Colour",
      "default": "#000000"
    }
  ]
}